﻿<?xml version="1.0" encoding="utf-8" ?>
<Themes>
  <Theme Name="Light" GUID="{de3dbbcd-f642-433c-8353-8f1df4370aba}">
    <Category Name="OpenCppCoverage" GUID="{F50C7A34-815C-4FCB-BE28-7EDBB3185A04}">
      <Color Name="CoveredLineColor">
        <Background Type="CT_RAW" Source="FFE0FFE0" />
      </Color>
      <Color Name="UnCoveredLineColor">
        <Background Type="CT_RAW" Source="FFFFE0E0" />
      </Color>
    </Category>
  </Theme>    
  <Theme Name="Dark" GUID="{1ded0138-47ce-435e-84ef-9ec1f439b749}">
    <Category Name="OpenCppCoverage" GUID="{F50C7A34-815C-4FCB-BE28-7EDBB3185A04}">
      <Color Name="CoveredLineColor">
        <Background Type="CT_RAW" Source="FF003700" />
      </Color>
      <Color Name="UnCoveredLineColor">
        <Background Type="CT_RAW" Source="FF370000" />
      </Color>
    </Category>
  </Theme>  
  <Theme Name="Blue" GUID="{a4d6a176-b948-4b29-8c66-53c97a1ed7d0}">
    <Category Name="OpenCppCoverage" GUID="{F50C7A34-815C-4FCB-BE28-7EDBB3185A04}">
      <Color Name="CoveredLineColor">
        <Background Type="CT_RAW" Source="FFE0FFE0" />
      </Color>
      <Color Name="UnCoveredLineColor">
        <Background Type="CT_RAW" Source="FFFFE0E0" />
      </Color>
    </Category>
  </Theme>  	
  <Theme Name="High Contrast" GUID="{a5c004b4-2d4b-494e-bf01-45fc492522c7}">
    <Category Name="OpenCppCoverage" GUID="{F50C7A34-815C-4FCB-BE28-7EDBB3185A04}">
      <Color Name="CoveredLineColor">
        <Background Type="CT_RAW" Source="FFE0FFE0" />
      </Color>
      <Color Name="UnCoveredLineColor">
        <Background Type="CT_RAW" Source="FFFFE0E0" />
      </Color>
    </Category>
  </Theme>
</Themes>
